,C1-Max [A],C1-Max-Time [s],C1-Mean [A],C1-Min [A],C1-Min-Time [s],C2-Max [A],C2-MaxTime [s],C2-Mean [A],C2-Min [A],C2-MinTime [s],C3-Max [A],C3-Max-Time [s],C3-Mean [A],C3-Min [A],C3-Min-Time [s],Duration [s],L1-Max [V.p.u.],L1-Max [V],L1-Max-Time [s],L1-Mean [V.p.u.],L1-Mean [V],L1-Min [V.p.u.],L1-Min [V],L1-Min-Time [s],L2-Max [V.p.u.],L2-Max [V],L2-Max-Time [s],L2-Mean [V.p.u.],L2-Mean [V],L2-Min [V.p.u.],L2-Min [V],L2-Min-Time [s],L3-Max [V.p.u.],L3-Max [V],L3-Max-Time [s],L3-Mean [V.p.u.],L3-Mean [V],L3-Min [V.p.u.],L3-Min [V],L3-Min-Time [s],Max-C1-Slope [A/s],Max-C2-Slope [A/s],Max-C3-Slope [A/s],Max-L1-Slope [V.p.u./s],Max-L2-Slope [V.p.u./s],Max-L3-Slope [V.p.u./s],Mean-C1-Slope [A/s],Mean-C2-Slope [A/s],Mean-C3-Slope [A/s],Mean-L1-Slope [V.p.u./s],Mean-L2-Slope [V.p.u./s],Mean-L3-Slope [V.p.u./s],Min-C1-Slope [A/s],Min-C2-Slope [A/s],Min-C3-Slope [A/s],Min-L1-Slope [V.p.u./s],Min-L2-Slope [V.p.u./s],Min-L3-Slope [V.p.u./s],PV-Generation [-],StartTime [s],Voltage-Sag [-],Voltage-Swell [-]
1,70.8876724243164,10:56:20.233333,53.155104231834414,40.034210205078125,10:56:19.725000,68.67233276367188,10:56:20.233333,51.22073578834534,38.7794075012207,10:56:19.783333,56.14098358154297,10:56:20.233333,39.669382297992705,28.17881965637207,10:56:19.891667,1.325,1.020198756234959,122.5146484375,10:56:19.975000,1.0188131172219501,122.34824843406678,1.0171835034320573,122.15254974365234,10:56:20.225000,1.0192643398040984,122.40243530273438,10:56:19.950000,1.0178917500931632,122.23760237693787,1.0161416557947387,122.02743530273438,10:56:20.225000,1.0213110599384883,122.64822387695312,10:56:19.975000,1.0198959519928268,122.47828497886658,1.0180970181083795,122.26225280761719,10:56:20.225000,504.6015930175781,460.4145812988281,443.57574462890625,0.020080931837532998,0.019288062850781502,0.023298150226082323,15.730380652085792,15.441428130527711,13.999259516877947,-0.001414083947585572,-0.001566942337145548,-0.0015276249345611125,-133.5736083984375,-147.67730712890625,-155.48492431640625,-0.05485281115074029,-0.05713993322790805,-0.057963297175688454,False,10:56:19.558333,False,False
