,C1-Max [A],C1-Max-Time [s],C1-Mean [A],C1-Min [A],C1-Min-Time [s],C2-Max [A],C2-MaxTime [s],C2-Mean [A],C2-Min [A],C2-MinTime [s],C3-Max [A],C3-Max-Time [s],C3-Mean [A],C3-Min [A],C3-Min-Time [s],Duration [s],L1-Max [V.p.u.],L1-Max [V],L1-Max-Time [s],L1-Mean [V.p.u.],L1-Mean [V],L1-Min [V.p.u.],L1-Min [V],L1-Min-Time [s],L2-Max [V.p.u.],L2-Max [V],L2-Max-Time [s],L2-Mean [V.p.u.],L2-Mean [V],L2-Min [V.p.u.],L2-Min [V],L2-Min-Time [s],L3-Max [V.p.u.],L3-Max [V],L3-Max-Time [s],L3-Mean [V.p.u.],L3-Mean [V],L3-Min [V.p.u.],L3-Min [V],L3-Min-Time [s],Max-C1-Slope [A/s],Max-C2-Slope [A/s],Max-C3-Slope [A/s],Max-L1-Slope [V.p.u./s],Max-L2-Slope [V.p.u./s],Max-L3-Slope [V.p.u./s],Mean-C1-Slope [A/s],Mean-C2-Slope [A/s],Mean-C3-Slope [A/s],Mean-L1-Slope [V.p.u./s],Mean-L2-Slope [V.p.u./s],Mean-L3-Slope [V.p.u./s],Min-C1-Slope [A/s],Min-C2-Slope [A/s],Min-C3-Slope [A/s],Min-L1-Slope [V.p.u./s],Min-L2-Slope [V.p.u./s],Min-L3-Slope [V.p.u./s],PV-Generation [-],StartTime [s],Voltage-Sag [-],Voltage-Swell [-]
1,250.77684020996094,14:15:03.791667,241.83399462517892,233.6475067138672,14:15:04.325000,264.5182800292969,14:15:03.566667,254.86190807546367,245.98023986816406,14:15:04.325000,283.6009216308594,14:15:03.558333,274.9591141329467,267.3165588378906,14:15:04.325000,1.0833333333333333,1.0146800703823573,281.1962585449219,14:15:04.083333,1.0142916572403466,281.08861838770275,1.0139485374030683,280.9935302734375,14:15:03.516667,1.0158047348889774,281.5079345703125,14:15:03.925000,1.0154213545231854,281.4016891363013,1.0150719905800525,281.30487060546875,14:15:03.741667,1.0164138134541507,281.6767272949219,14:15:04.075000,1.0159397842732085,281.54536053606574,1.0155004709085806,281.4236145019531,14:15:03.516667,361.9097900390625,430.107421875,330.809326171875,0.02147357082061358,0.018169944540519185,0.012566994369479088,-1.8618304912860577,-2.3614689753605766,-0.5064978966346154,0.00024263864401801003,0.0004330291677908348,0.00035984113943182043,-438.1640625,-522.9400634765625,-476.480712890625,-0.011390903413765481,-0.010373386519496408,-0.014377381570970816,False,14:15:03.300000,False,False
