,C1-Max [A],C1-Max-Time [s],C1-Mean [A],C1-Min [A],C1-Min-Time [s],C2-Max [A],C2-MaxTime [s],C2-Mean [A],C2-Min [A],C2-MinTime [s],C3-Max [A],C3-Max-Time [s],C3-Mean [A],C3-Min [A],C3-Min-Time [s],Duration [s],L1-Max [V.p.u.],L1-Max [V],L1-Max-Time [s],L1-Mean [V.p.u.],L1-Mean [V],L1-Min [V.p.u.],L1-Min [V],L1-Min-Time [s],L2-Max [V.p.u.],L2-Max [V],L2-Max-Time [s],L2-Mean [V.p.u.],L2-Mean [V],L2-Min [V.p.u.],L2-Min [V],L2-Min-Time [s],L3-Max [V.p.u.],L3-Max [V],L3-Max-Time [s],L3-Mean [V.p.u.],L3-Mean [V],L3-Min [V.p.u.],L3-Min [V],L3-Min-Time [s],Max-C1-Slope [A/s],Max-C2-Slope [A/s],Max-C3-Slope [A/s],Max-L1-Slope [V.p.u./s],Max-L2-Slope [V.p.u./s],Max-L3-Slope [V.p.u./s],Mean-C1-Slope [A/s],Mean-C2-Slope [A/s],Mean-C3-Slope [A/s],Mean-L1-Slope [V.p.u./s],Mean-L2-Slope [V.p.u./s],Mean-L3-Slope [V.p.u./s],Min-C1-Slope [A/s],Min-C2-Slope [A/s],Min-C3-Slope [A/s],Min-L1-Slope [V.p.u./s],Min-L2-Slope [V.p.u./s],Min-L3-Slope [V.p.u./s],PV-Generation [-],StartTime [s],Voltage-Sag [-],Voltage-Swell [-]
1,245.30218505859375,12:11:55.991667,228.7333424254234,215.0962371826172,12:11:55.391667,248.43560791015625,12:11:55.991667,231.47525223441747,218.527099609375,12:11:55.833333,256.32208251953125,12:11:55.991667,239.9834366318602,226.59349060058594,12:11:55.833333,1.3333333333333333,1.0217880425657324,283.16607666015625,12:11:55.841666,1.0211366351773767,282.98555343343605,1.0202459098181842,282.73870849609375,12:11:56.000000,1.0210189583677263,282.95294189453125,12:11:55.841666,1.0203855136777906,282.77739663449876,1.0196311049674587,282.5683288574219,12:11:55.975000,1.0241478228176037,283.8200378417969,12:11:55.833333,1.0235674967447568,283.6592132378809,1.022722197956867,283.4249572753906,12:11:55.991667,735.3057861328125,663.31787109375,683.4027099609375,0.01576490460861046,0.02052212645194639,0.02321788549650342,10.66860580444336,9.112449645996094,10.943824768066406,-0.0005745006101084156,-0.00027667870095790574,-0.0002986478157205335,-536.6290283203125,-570.992431640625,-528.2720947265625,-0.029600491469645794,-0.035124154609963626,-0.030433005292229583,False,12:11:55.325000,False,False
