,C1-Max [A],C1-Max-Time [s],C1-Mean [A],C1-Min [A],C1-Min-Time [s],C2-Max [A],C2-MaxTime [s],C2-Mean [A],C2-Min [A],C2-MinTime [s],C3-Max [A],C3-Max-Time [s],C3-Mean [A],C3-Min [A],C3-Min-Time [s],Duration [s],L1-Max [V.p.u.],L1-Max [V],L1-Max-Time [s],L1-Mean [V.p.u.],L1-Mean [V],L1-Min [V.p.u.],L1-Min [V],L1-Min-Time [s],L2-Max [V.p.u.],L2-Max [V],L2-Max-Time [s],L2-Mean [V.p.u.],L2-Mean [V],L2-Min [V.p.u.],L2-Min [V],L2-Min-Time [s],L3-Max [V.p.u.],L3-Max [V],L3-Max-Time [s],L3-Mean [V.p.u.],L3-Mean [V],L3-Min [V.p.u.],L3-Min [V],L3-Min-Time [s],Max-C1-Slope [A/s],Max-C2-Slope [A/s],Max-C3-Slope [A/s],Max-L1-Slope [V.p.u./s],Max-L2-Slope [V.p.u./s],Max-L3-Slope [V.p.u./s],Mean-C1-Slope [A/s],Mean-C2-Slope [A/s],Mean-C3-Slope [A/s],Mean-L1-Slope [V.p.u./s],Mean-L2-Slope [V.p.u./s],Mean-L3-Slope [V.p.u./s],Min-C1-Slope [A/s],Min-C2-Slope [A/s],Min-C3-Slope [A/s],Min-L1-Slope [V.p.u./s],Min-L2-Slope [V.p.u./s],Min-L3-Slope [V.p.u./s],PV-Generation [-],StartTime [s],Voltage-Sag [-],Voltage-Swell [-]
1,65.16796112060547,12:11:56.000000,49.99311835721413,37.831085205078125,12:11:55.483333,62.80503463745117,12:11:56.000000,48.34099915308982,37.75400161743164,12:11:55.833333,53.273433685302734,12:11:56.000000,40.778531009366056,31.94452476501465,12:11:55.341666,1.3333333333333333,1.022792479732805,122.82612609863281,12:11:55.833333,1.0211841234793948,122.63298020451705,1.0188482106483916,122.35246276855469,12:11:56.000000,1.0209343836386127,122.60298919677734,12:11:55.841666,1.0192545638961723,122.40126132372744,1.0170301391905496,122.1341323852539,12:11:56.000000,1.0237233384182123,122.93791198730469,12:11:55.833333,1.0221097485381443,122.7441375921972,1.0197829447350961,122.46471405029297,12:11:55.991667,412.4693298339844,364.67926025390625,295.68145751953125,0.02627140892640042,0.024723789654183564,0.028154472769935213,14.146934509277344,13.030391693115234,10.818720817565918,-0.0016359117140708533,-0.0016770322630832652,-0.0013838518018163223,-123.86306762695312,-123.60809326171875,-127.57553100585938,-0.08118520999919851,-0.09109607233359217,-0.08011788636318688,False,12:11:55.325000,False,False
