,C1-Max [A],C1-Max-Time [s],C1-Mean [A],C1-Min [A],C1-Min-Time [s],C2-Max [A],C2-MaxTime [s],C2-Mean [A],C2-Min [A],C2-MinTime [s],C3-Max [A],C3-Max-Time [s],C3-Mean [A],C3-Min [A],C3-Min-Time [s],Duration [s],L1-Max [V.p.u.],L1-Max [V],L1-Max-Time [s],L1-Mean [V.p.u.],L1-Mean [V],L1-Min [V.p.u.],L1-Min [V],L1-Min-Time [s],L2-Max [V.p.u.],L2-Max [V],L2-Max-Time [s],L2-Mean [V.p.u.],L2-Mean [V],L2-Min [V.p.u.],L2-Min [V],L2-Min-Time [s],L3-Max [V.p.u.],L3-Max [V],L3-Max-Time [s],L3-Mean [V.p.u.],L3-Mean [V],L3-Min [V.p.u.],L3-Min [V],L3-Min-Time [s],Max-C1-Slope [A/s],Max-C2-Slope [A/s],Max-C3-Slope [A/s],Max-L1-Slope [V.p.u./s],Max-L2-Slope [V.p.u./s],Max-L3-Slope [V.p.u./s],Mean-C1-Slope [A/s],Mean-C2-Slope [A/s],Mean-C3-Slope [A/s],Mean-L1-Slope [V.p.u./s],Mean-L2-Slope [V.p.u./s],Mean-L3-Slope [V.p.u./s],Min-C1-Slope [A/s],Min-C2-Slope [A/s],Min-C3-Slope [A/s],Min-L1-Slope [V.p.u./s],Min-L2-Slope [V.p.u./s],Min-L3-Slope [V.p.u./s],PV-Generation [-],StartTime [s],Voltage-Sag [-],Voltage-Swell [-]
1,238.2644500732422,12:26:09.100000,231.0854899394943,222.8615264892578,12:26:08.491667,238.76669311523438,12:26:09.075000,231.5251166102398,223.86407470703125,12:26:08.491667,251.57864379882812,12:26:09.075000,244.99437594126505,237.35821533203125,12:26:08.491667,1.375,1.0222537437503496,283.2951354980469,12:26:08.483333,1.021763953955796,283.1594010318618,1.0213474489408436,283.0439758300781,12:26:09.075000,1.0216986244144177,283.14129638671875,12:26:08.475000,1.0212460289408023,283.01586950830665,1.020830431428009,282.90069580078125,12:26:09.083333,1.024679156044319,283.96728515625,12:26:08.483333,1.0242087568112448,283.8369243575866,1.0237604175758246,283.7126770019531,12:26:09.075000,207.7294921875,196.5472412109375,202.0843505859375,0.010558389591181693,0.011523048464969257,0.009659803242996017,4.912064985795454,3.481711647727273,4.088045987215909,-0.0003606358579215774,-0.0002710975747422917,-0.00024114469646943588,-177.8118896484375,-234.678955078125,-193.14697265625,-0.011879840103219451,-0.012223417236349269,-0.012738782936043995,False,12:26:08.391667,False,False
