,C1-Max [A],C1-Max-Time [s],C1-Mean [A],C1-Min [A],C1-Min-Time [s],C2-Max [A],C2-MaxTime [s],C2-Mean [A],C2-Min [A],C2-MinTime [s],C3-Max [A],C3-Max-Time [s],C3-Mean [A],C3-Min [A],C3-Min-Time [s],Duration [s],L1-Max [V.p.u.],L1-Max [V],L1-Max-Time [s],L1-Mean [V.p.u.],L1-Mean [V],L1-Min [V.p.u.],L1-Min [V],L1-Min-Time [s],L2-Max [V.p.u.],L2-Max [V],L2-Max-Time [s],L2-Mean [V.p.u.],L2-Mean [V],L2-Min [V.p.u.],L2-Min [V],L2-Min-Time [s],L3-Max [V.p.u.],L3-Max [V],L3-Max-Time [s],L3-Mean [V.p.u.],L3-Mean [V],L3-Min [V.p.u.],L3-Min [V],L3-Min-Time [s],Max-C1-Slope [A/s],Max-C2-Slope [A/s],Max-C3-Slope [A/s],Max-L1-Slope [V.p.u./s],Max-L2-Slope [V.p.u./s],Max-L3-Slope [V.p.u./s],Mean-C1-Slope [A/s],Mean-C2-Slope [A/s],Mean-C3-Slope [A/s],Mean-L1-Slope [V.p.u./s],Mean-L2-Slope [V.p.u./s],Mean-L3-Slope [V.p.u./s],Min-C1-Slope [A/s],Min-C2-Slope [A/s],Min-C3-Slope [A/s],Min-L1-Slope [V.p.u./s],Min-L2-Slope [V.p.u./s],Min-L3-Slope [V.p.u./s],PV-Generation [-],StartTime [s],Voltage-Sag [-],Voltage-Swell [-]
1,63.262638092041016,11:24:54.966667,50.6633193324989,42.121856689453125,11:24:54.583333,49.117637634277344,11:24:54.966667,37.97668072875117,31.037281036376953,11:24:54.800000,68.74642181396484,11:24:54.966667,56.70221680654606,48.6554069519043,11:24:54.583333,1.175,1.0210673543749325,122.61895751953125,11:24:54.650000,1.0200748337687662,122.49976671245736,1.0186141618224946,122.32435607910156,11:24:54.966667,1.0218242011889684,122.70984649658203,11:24:54.650000,1.0207955465594376,122.5863163907763,1.019285178027468,122.40493774414062,11:24:54.966667,1.0233885926897512,122.89771270751953,11:24:54.641667,1.022338966063474,122.77166409559653,1.0208123402633282,122.58833312988281,11:24:54.966667,272.7337646484375,223.90182495117188,263.2525634765625,0.017839552201908585,0.019234696668980922,0.01864766866917453,11.36538566427028,10.28793010305851,11.282871327501661,-0.0009588069927757923,-0.0009270143738307654,-0.0009113343406776057,-98.51577758789062,-82.0220947265625,-84.5526123046875,-0.03343010102793553,-0.03484811671577955,-0.03652533957236924,False,11:24:54.291667,False,False
