,C1-Max [A],C1-Max-Time [s],C1-Mean [A],C1-Min [A],C1-Min-Time [s],C2-Max [A],C2-MaxTime [s],C2-Mean [A],C2-Min [A],C2-MinTime [s],C3-Max [A],C3-Max-Time [s],C3-Mean [A],C3-Min [A],C3-Min-Time [s],Duration [s],L1-Max [V.p.u.],L1-Max [V],L1-Max-Time [s],L1-Mean [V.p.u.],L1-Mean [V],L1-Min [V.p.u.],L1-Min [V],L1-Min-Time [s],L2-Max [V.p.u.],L2-Max [V],L2-Max-Time [s],L2-Mean [V.p.u.],L2-Mean [V],L2-Min [V.p.u.],L2-Min [V],L2-Min-Time [s],L3-Max [V.p.u.],L3-Max [V],L3-Max-Time [s],L3-Mean [V.p.u.],L3-Mean [V],L3-Min [V.p.u.],L3-Min [V],L3-Min-Time [s],Max-C1-Slope [A/s],Max-C2-Slope [A/s],Max-C3-Slope [A/s],Max-L1-Slope [V.p.u./s],Max-L2-Slope [V.p.u./s],Max-L3-Slope [V.p.u./s],Mean-C1-Slope [A/s],Mean-C2-Slope [A/s],Mean-C3-Slope [A/s],Mean-L1-Slope [V.p.u./s],Mean-L2-Slope [V.p.u./s],Mean-L3-Slope [V.p.u./s],Min-C1-Slope [A/s],Min-C2-Slope [A/s],Min-C3-Slope [A/s],Min-L1-Slope [V.p.u./s],Min-L2-Slope [V.p.u./s],Min-L3-Slope [V.p.u./s],PV-Generation [-],StartTime [s],Voltage-Sag [-],Voltage-Swell [-]
1,138.95286560058594,22:33:21.375000,125.60602340698242,122.92520904541016,22:33:20.991667,129.03294372558594,22:33:21.383333,116.29221779959542,99.7156753540039,22:33:21.325000,150.46029663085938,22:33:21.408333,137.79631652832032,91.30760955810547,22:33:21.333333,1.1583333333333334,1.0226407085086247,283.4023742675781,22:33:21.616667,1.0202795603981578,282.7480340140207,1.0107251892415803,280.1002502441406,22:33:21.366667,1.0208219521205566,282.8983459472656,22:33:21.416667,1.0139131996139588,280.9837371826172,0.9311645081424469,258.0517578125,22:33:21.341666,1.0244830307641573,283.9129333496094,22:33:21.416667,1.0164493585064804,281.68657782418387,0.9192756381273951,254.75701904296875,22:33:21.350000,726.9049072265625,1025.5517578125,1966.318359375,0.21706146110732227,2.3770119665484,3.239060208076232,0.21408849482913667,-0.7474325715209083,0.018073431879496404,0.0009122761952168585,-0.0005081405026504907,0.0015704346049173912,-543.6227416992188,-1063.282470703125,-2572.6171875,-0.5798789136924094,-4.489218464989554,-4.8696904964154655,False,22:33:20.800000,False,False
