,C1-Max [A],C1-Max-Time [s],C1-Mean [A],C1-Min [A],C1-Min-Time [s],C2-Max [A],C2-MaxTime [s],C2-Mean [A],C2-Min [A],C2-MinTime [s],C3-Max [A],C3-Max-Time [s],C3-Mean [A],C3-Min [A],C3-Min-Time [s],Duration [s],L1-Max [V.p.u.],L1-Max [V],L1-Max-Time [s],L1-Mean [V.p.u.],L1-Mean [V],L1-Min [V.p.u.],L1-Min [V],L1-Min-Time [s],L2-Max [V.p.u.],L2-Max [V],L2-Max-Time [s],L2-Mean [V.p.u.],L2-Mean [V],L2-Min [V.p.u.],L2-Min [V],L2-Min-Time [s],L3-Max [V.p.u.],L3-Max [V],L3-Max-Time [s],L3-Mean [V.p.u.],L3-Mean [V],L3-Min [V.p.u.],L3-Min [V],L3-Min-Time [s],Max-C1-Slope [A/s],Max-C2-Slope [A/s],Max-C3-Slope [A/s],Max-L1-Slope [V.p.u./s],Max-L2-Slope [V.p.u./s],Max-L3-Slope [V.p.u./s],Mean-C1-Slope [A/s],Mean-C2-Slope [A/s],Mean-C3-Slope [A/s],Mean-L1-Slope [V.p.u./s],Mean-L2-Slope [V.p.u./s],Mean-L3-Slope [V.p.u./s],Min-C1-Slope [A/s],Min-C2-Slope [A/s],Min-C3-Slope [A/s],Min-L1-Slope [V.p.u./s],Min-L2-Slope [V.p.u./s],Min-L3-Slope [V.p.u./s],PV-Generation [-],StartTime [s],Voltage-Sag [-],Voltage-Swell [-]
1,89.4103775024414,14:39:43.550000,61.076289128213034,48.02508544921875,14:39:42.933333,82.0611801147461,14:39:43.550000,47.29642043844627,27.717077255249023,14:39:43.458333,63.73749542236328,14:39:43.558333,39.93863257526481,28.845949172973633,14:39:42.950000,1.1333333333333333,1.0193745663819842,122.4156723022461,14:39:44.066667,1.0169081727946376,122.11948556273524,1.0008457645296536,120.19056701660156,14:39:43.533333,1.0177334927604476,122.21859741210938,14:39:44.050000,1.0088508833207095,121.15189372710068,0.9212213882857844,110.62855529785156,14:39:43.525000,1.0203530099128302,122.53317260742188,14:39:44.058333,1.010893810134217,121.397226765208,0.918206707263402,110.26652526855469,14:39:43.525000,706.7010498046875,2138.7844848632812,1191.0887145996094,0.45317799211027865,4.207397396898082,4.410028789194889,16.835087046903723,16.19006437413833,14.360738081090592,0.0005201521018146989,0.00018375456296460639,0.0003662758738287792,-1041.9314575195312,-1796.3800048828125,-1116.9598388671875,-0.5354229020052316,-4.37446404089493,-4.556877274029574,False,14:39:42.933333,False,False
