,C1-Max [A],C1-Max-Time [s],C1-Mean [A],C1-Min [A],C1-Min-Time [s],C2-Max [A],C2-MaxTime [s],C2-Mean [A],C2-Min [A],C2-MinTime [s],C3-Max [A],C3-Max-Time [s],C3-Mean [A],C3-Min [A],C3-Min-Time [s],Duration [s],L1-Max [V.p.u.],L1-Max [V],L1-Max-Time [s],L1-Mean [V.p.u.],L1-Mean [V],L1-Min [V.p.u.],L1-Min [V],L1-Min-Time [s],L2-Max [V.p.u.],L2-Max [V],L2-Max-Time [s],L2-Mean [V.p.u.],L2-Mean [V],L2-Min [V.p.u.],L2-Min [V],L2-Min-Time [s],L3-Max [V.p.u.],L3-Max [V],L3-Max-Time [s],L3-Mean [V.p.u.],L3-Mean [V],L3-Min [V.p.u.],L3-Min [V],L3-Min-Time [s],Max-C1-Slope [A/s],Max-C2-Slope [A/s],Max-C3-Slope [A/s],Max-L1-Slope [V.p.u./s],Max-L2-Slope [V.p.u./s],Max-L3-Slope [V.p.u./s],Mean-C1-Slope [A/s],Mean-C2-Slope [A/s],Mean-C3-Slope [A/s],Mean-L1-Slope [V.p.u./s],Mean-L2-Slope [V.p.u./s],Mean-L3-Slope [V.p.u./s],Min-C1-Slope [A/s],Min-C2-Slope [A/s],Min-C3-Slope [A/s],Min-L1-Slope [V.p.u./s],Min-L2-Slope [V.p.u./s],Min-L3-Slope [V.p.u./s],PV-Generation [-],StartTime [s],Voltage-Sag [-],Voltage-Swell [-]
1,151.8571014404297,04:05:08.466667,135.7415096141674,98.6651382446289,04:05:08.391667,150.42376708984375,04:05:08.433333,132.70169621220342,128.8066864013672,04:05:08.100000,165.36932373046875,04:05:08.466667,146.32608687789352,112.51617431640625,04:05:08.391667,1.1166666666666667,1.0265849079244294,284.49542236328125,04:05:08.700000,1.0199889350047842,282.6674935800058,0.9263630177069576,256.72113037109375,04:05:08.416667,1.0267722235345107,284.5473327636719,04:05:08.683333,1.024721328261277,283.9789722583912,1.0119862935135682,280.4497375488281,04:05:08.425000,1.0279908211483615,284.8850402832031,04:05:08.683333,1.021246295166988,283.01594328703703,0.9228895850360664,255.758544921875,04:05:08.408333,1476.522216796875,695.98388671875,1322.5836181640625,2.9091997312613667,0.29488168176122587,3.0583914940704298,-0.15520238164645522,1.2986960339902054,0.4352580967234142,0.0015050729637850952,0.001175499261454484,0.0013129695609903522,-2243.9849853515625,-470.599365234375,-2064.1342163085938,-4.990352142669633,-0.4825276544705876,-5.194040524595133,False,04:05:07.866667,False,False
