,C1-Max [A],C1-Max-Time [s],C1-Mean [A],C1-Min [A],C1-Min-Time [s],C2-Max [A],C2-MaxTime [s],C2-Mean [A],C2-Min [A],C2-MinTime [s],C3-Max [A],C3-Max-Time [s],C3-Mean [A],C3-Min [A],C3-Min-Time [s],Duration [s],L1-Max [V.p.u.],L1-Max [V],L1-Max-Time [s],L1-Mean [V.p.u.],L1-Mean [V],L1-Min [V.p.u.],L1-Min [V],L1-Min-Time [s],L2-Max [V.p.u.],L2-Max [V],L2-Max-Time [s],L2-Mean [V.p.u.],L2-Mean [V],L2-Min [V.p.u.],L2-Min [V],L2-Min-Time [s],L3-Max [V.p.u.],L3-Max [V],L3-Max-Time [s],L3-Mean [V.p.u.],L3-Mean [V],L3-Min [V.p.u.],L3-Min [V],L3-Min-Time [s],Max-C1-Slope [A/s],Max-C2-Slope [A/s],Max-C3-Slope [A/s],Max-L1-Slope [V.p.u./s],Max-L2-Slope [V.p.u./s],Max-L3-Slope [V.p.u./s],Mean-C1-Slope [A/s],Mean-C2-Slope [A/s],Mean-C3-Slope [A/s],Mean-L1-Slope [V.p.u./s],Mean-L2-Slope [V.p.u./s],Mean-L3-Slope [V.p.u./s],Min-C1-Slope [A/s],Min-C2-Slope [A/s],Min-C3-Slope [A/s],Min-L1-Slope [V.p.u./s],Min-L2-Slope [V.p.u./s],Min-L3-Slope [V.p.u./s],PV-Generation [-],StartTime [s],Voltage-Sag [-],Voltage-Swell [-]
1,257.7259521484375,11:16:30.250000,246.79196435176965,232.864013671875,11:16:29.425000,267.1933898925781,11:16:30.250000,255.07827860514323,240.9722137451172,11:16:29.425000,287.261962890625,11:16:30.250000,275.3153133507931,260.3954162597656,11:16:29.425000,1.3666666666666667,1.0199351487061035,282.652587890625,11:16:29.416667,1.019219037988649,282.4541335597183,1.0186122666226776,282.2859802246094,11:16:30.050000,1.021147469430022,282.9885559082031,11:16:29.450000,1.0204936577628183,282.8073663884943,1.019959595540576,282.65936279296875,11:16:29.875000,1.0223488881872163,283.3215026855469,11:16:29.425000,1.0216446258086205,283.1263318610914,1.0210734682013478,282.9680480957031,11:16:30.041667,406.7230224609375,490.0946044921875,500.830078125,0.018724953755575043,0.013267363140859098,0.0252925628004027,8.270092475705031,8.38141836771151,7.986033369855182,-0.0003800781747123237,-0.0004977195007839777,-0.0004202857238285945,-623.206787109375,-624.107666015625,-612.4951171875,-0.022279655632956613,-0.020350337885381486,-0.027420098124783493,False,11:16:29.200000,False,False
