,C1-Max [A],C1-Max-Time [s],C1-Mean [A],C1-Min [A],C1-Min-Time [s],C2-Max [A],C2-MaxTime [s],C2-Mean [A],C2-Min [A],C2-MinTime [s],C3-Max [A],C3-Max-Time [s],C3-Mean [A],C3-Min [A],C3-Min-Time [s],Duration [s],L1-Max [V.p.u.],L1-Max [V],L1-Max-Time [s],L1-Mean [V.p.u.],L1-Mean [V],L1-Min [V.p.u.],L1-Min [V],L1-Min-Time [s],L2-Max [V.p.u.],L2-Max [V],L2-Max-Time [s],L2-Mean [V.p.u.],L2-Mean [V],L2-Min [V.p.u.],L2-Min [V],L2-Min-Time [s],L3-Max [V.p.u.],L3-Max [V],L3-Max-Time [s],L3-Mean [V.p.u.],L3-Mean [V],L3-Min [V.p.u.],L3-Min [V],L3-Min-Time [s],Max-C1-Slope [A/s],Max-C2-Slope [A/s],Max-C3-Slope [A/s],Max-L1-Slope [V.p.u./s],Max-L2-Slope [V.p.u./s],Max-L3-Slope [V.p.u./s],Mean-C1-Slope [A/s],Mean-C2-Slope [A/s],Mean-C3-Slope [A/s],Mean-L1-Slope [V.p.u./s],Mean-L2-Slope [V.p.u./s],Mean-L3-Slope [V.p.u./s],Min-C1-Slope [A/s],Min-C2-Slope [A/s],Min-C3-Slope [A/s],Min-L1-Slope [V.p.u./s],Min-L2-Slope [V.p.u./s],Min-L3-Slope [V.p.u./s],PV-Generation [-],StartTime [s],Voltage-Sag [-],Voltage-Swell [-]
1,78.04437255859375,11:16:29.866667,61.84427078709458,48.661224365234375,11:16:29.241667,67.327880859375,11:16:29.875000,50.38724034627278,37.12616729736328,11:16:29.541667,73.02926635742188,11:16:29.866667,56.981507781057644,44.57160568237305,11:16:29.608333,1.3666666666666667,1.0182681710771542,122.28280639648438,11:16:29.425000,1.0165045219586648,122.07101153749409,1.0147754815406438,121.86337280273438,11:16:29.891667,1.0183689315108873,122.29490661621094,11:16:29.391667,1.016722638322536,122.09720491351503,1.0149445379808477,121.88367462158203,11:16:29.883333,1.0205769572828862,122.56006622314453,11:16:29.425000,1.0189084547530312,122.35969742283676,1.0168904976815047,122.11736297607422,11:16:29.875000,409.4288635253906,433.0426025390625,398.5176086425781,0.03192822419726203,0.021437957603319204,0.02971733952266652,15.626940843535634,16.137269182903008,14.946355121891672,-0.0014910920273827908,-0.0015522214081038397,-0.0015604959554561947,-134.24468994140625,-131.89407348632812,-128.94927978515625,-0.057559238942055474,-0.054105684605532146,-0.061813286005587526,False,11:16:29.200000,False,False
