,C1-Max [A],C1-Max-Time [s],C1-Mean [A],C1-Min [A],C1-Min-Time [s],C2-Max [A],C2-MaxTime [s],C2-Mean [A],C2-Min [A],C2-MinTime [s],C3-Max [A],C3-Max-Time [s],C3-Mean [A],C3-Min [A],C3-Min-Time [s],Duration [s],L1-Max [V.p.u.],L1-Max [V],L1-Max-Time [s],L1-Mean [V.p.u.],L1-Mean [V],L1-Min [V.p.u.],L1-Min [V],L1-Min-Time [s],L2-Max [V.p.u.],L2-Max [V],L2-Max-Time [s],L2-Mean [V.p.u.],L2-Mean [V],L2-Min [V.p.u.],L2-Min [V],L2-Min-Time [s],L3-Max [V.p.u.],L3-Max [V],L3-Max-Time [s],L3-Mean [V.p.u.],L3-Mean [V],L3-Min [V.p.u.],L3-Min [V],L3-Min-Time [s],Max-C1-Slope [A/s],Max-C2-Slope [A/s],Max-C3-Slope [A/s],Max-L1-Slope [V.p.u./s],Max-L2-Slope [V.p.u./s],Max-L3-Slope [V.p.u./s],Mean-C1-Slope [A/s],Mean-C2-Slope [A/s],Mean-C3-Slope [A/s],Mean-L1-Slope [V.p.u./s],Mean-L2-Slope [V.p.u./s],Mean-L3-Slope [V.p.u./s],Min-C1-Slope [A/s],Min-C2-Slope [A/s],Min-C3-Slope [A/s],Min-L1-Slope [V.p.u./s],Min-L2-Slope [V.p.u./s],Min-L3-Slope [V.p.u./s],PV-Generation [-],StartTime [s],Voltage-Sag [-],Voltage-Swell [-]
1,284.50604248046875,16:37:56.216667,253.3383705928408,209.06997680664062,16:37:56.066667,299.8172302246094,16:37:56.100000,254.0752407731681,245.04737854003906,16:37:55.658333,310.7659606933594,16:37:56.216667,271.7941638814992,215.3327178955078,16:37:56.066667,1.2,1.009212679009677,279.68109130859375,16:37:56.741667,0.9986831665297277,276.76306857405035,0.9135104799060024,253.15933227539062,16:37:56.091667,1.009702496666139,279.81683349609375,16:37:56.741667,1.0054660911261328,278.6428069016029,0.9866799656036651,273.4366455078125,16:37:56.108333,1.0124066248972723,280.56622314453125,16:37:56.741667,1.0019432396236356,277.6665261104189,0.9212057817815403,255.2919158935547,16:37:56.091667,2306.2445068359375,2317.96875,2792.18994140625,1.9018447914298628,0.31210018193307787,2.1382390735282972,1.0822677612304688,0.1503753662109375,-0.105743408203125,0.002264635815004709,0.002073300792949242,0.0022806951094218346,-2949.935302734375,-857.449951171875,-3947.010498046875,-4.167749198926129,-0.7895666809425609,-3.9936480939651533,False,16:37:55.541667,False,False
