,Duration (s),MaxVSlope (Volt pu/s),MeanVSlope (Volt pu/s),MinVSlope (Volt pu/s),Sag,Swell,VMax (Volt),VMax (pu),VMaxTime,VMean (Volt),VMean (pu),VMin (Volt),VMin (pu),VMinTime
1,1.341666613,0.018985918776907144,-2.482630765205249e-05,-0.024981472074877824,False,False,1.01,0.008410428931875526,9.49999962e-10,1.0024506172839505,0.008347564034041006,0.934,0.007777564972645289,5.583333110000001e-10
