,C1-Max [A],C1-Max-Time [s],C1-Mean [A],C1-Min [A],C1-Min-Time [s],C2-Max [A],C2-MaxTime [s],C2-Mean [A],C2-Min [A],C2-MinTime [s],C3-Max [A],C3-Max-Time [s],C3-Mean [A],C3-Min [A],C3-Min-Time [s],Duration [s],L1-Max [V.p.u.],L1-Max [V],L1-Max-Time [s],L1-Mean [V.p.u.],L1-Mean [V],L1-Min [V.p.u.],L1-Min [V],L1-Min-Time [s],L2-Max [V.p.u.],L2-Max [V],L2-Max-Time [s],L2-Mean [V.p.u.],L2-Mean [V],L2-Min [V.p.u.],L2-Min [V],L2-Min-Time [s],L3-Max [V.p.u.],L3-Max [V],L3-Max-Time [s],L3-Mean [V.p.u.],L3-Mean [V],L3-Min [V.p.u.],L3-Min [V],L3-Min-Time [s],Max-C1-Slope [A/s],Max-C2-Slope [A/s],Max-C3-Slope [A/s],Max-L1-Slope [V.p.u./s],Max-L2-Slope [V.p.u./s],Max-L3-Slope [V.p.u./s],Mean-C1-Slope [A/s],Mean-C2-Slope [A/s],Mean-C3-Slope [A/s],Mean-L1-Slope [V.p.u./s],Mean-L2-Slope [V.p.u./s],Mean-L3-Slope [V.p.u./s],Min-C1-Slope [A/s],Min-C2-Slope [A/s],Min-C3-Slope [A/s],Min-L1-Slope [V.p.u./s],Min-L2-Slope [V.p.u./s],Min-L3-Slope [V.p.u./s],PV-Generation [-],StartTime [s],Voltage-Sag [-],Voltage-Swell [-]
1,131.32778930664062,04:14:38.108333,122.06221386944806,114.24325561523438,04:14:38.075000,128.15164184570312,04:14:38.133333,108.99661141854746,93.08378601074219,04:14:38.083333,135.5068359375,04:14:38.133333,123.10826647723162,80.03234100341797,04:14:38.091667,1.1166666666666667,1.0258157136055475,284.2822570800781,04:14:38.666667,1.0234624916636246,283.63011338975696,1.0101806415097447,279.9493408203125,04:14:38.125000,1.0260607325546545,284.35015869140625,04:14:38.666667,1.0207464304080835,282.8774167661314,0.9388946632752397,260.1940002441406,04:14:38.108333,1.027098842052736,284.6378479003906,04:14:38.666667,1.0200134022320115,282.6742741337529,0.9054677466666746,250.9304656982422,04:14:38.108333,830.2734375,1504.7708129882812,2993.9584350585938,0.463326978530679,4.3380048828970725,5.002701097704627,8.804400999154618,7.83598487056903,9.094513850425606,0.001387917500479061,0.0012211583351166842,0.001607830533452509,-395.75042724609375,-1133.865966796875,-2259.6762084960938,-0.6465460920247142,-3.799963092415779,-5.405578322562137,False,04:14:37.558333,False,False
