,C1-Max [A],C1-Max-Time [s],C1-Mean [A],C1-Min [A],C1-Min-Time [s],C2-Max [A],C2-MaxTime [s],C2-Mean [A],C2-Min [A],C2-MinTime [s],C3-Max [A],C3-Max-Time [s],C3-Mean [A],C3-Min [A],C3-Min-Time [s],Duration [s],L1-Max [V.p.u.],L1-Max [V],L1-Max-Time [s],L1-Mean [V.p.u.],L1-Mean [V],L1-Min [V.p.u.],L1-Min [V],L1-Min-Time [s],L2-Max [V.p.u.],L2-Max [V],L2-Max-Time [s],L2-Mean [V.p.u.],L2-Mean [V],L2-Min [V.p.u.],L2-Min [V],L2-Min-Time [s],L3-Max [V.p.u.],L3-Max [V],L3-Max-Time [s],L3-Mean [V.p.u.],L3-Mean [V],L3-Min [V.p.u.],L3-Min [V],L3-Min-Time [s],Max-C1-Slope [A/s],Max-C2-Slope [A/s],Max-C3-Slope [A/s],Max-L1-Slope [V.p.u./s],Max-L2-Slope [V.p.u./s],Max-L3-Slope [V.p.u./s],Mean-C1-Slope [A/s],Mean-C2-Slope [A/s],Mean-C3-Slope [A/s],Mean-L1-Slope [V.p.u./s],Mean-L2-Slope [V.p.u./s],Mean-L3-Slope [V.p.u./s],Min-C1-Slope [A/s],Min-C2-Slope [A/s],Min-C3-Slope [A/s],Min-L1-Slope [V.p.u./s],Min-L2-Slope [V.p.u./s],Min-L3-Slope [V.p.u./s],PV-Generation [-],StartTime [s],Voltage-Sag [-],Voltage-Swell [-]
1,197.39492797851562,03:15:57.058333,177.95346558983647,166.4087677001953,03:15:57.541667,179.7689971923828,03:15:57.083333,150.7061327464545,121.31865692138672,03:15:57.550000,186.37646484375,03:15:57.091667,164.71446011671378,118.93672943115234,03:15:57.033333,1.1083333333333334,1.026360922062639,284.433349609375,03:15:57.616667,1.0220645667687447,283.24270925948866,1.0141006143328286,281.0356750488281,03:15:57.075000,1.0240753632811936,283.7999572753906,03:15:57.466667,1.0096374065995466,279.7987952161191,0.9224662803887104,255.6412353515625,03:15:57.041667,1.0307451644989523,285.6483459472656,03:15:57.458333,1.0155845551826883,281.44691660866806,0.9232359702515344,255.8545379638672,03:15:57.058333,858.65478515625,1826.0321044921875,2882.303466796875,0.48614842887357107,4.397523013959254,4.21295602094294,4.367244404957707,3.8539846319901314,5.0144052146968985,0.004431926431575659,0.0040696701483508724,0.0005005614796726488,-629.619140625,-1402.0523071289062,-2987.60009765625,-0.41641548535333855,-5.167505798313415,-4.557960320625758,False,03:15:56.508333,False,False
