,C1-Max [A],C1-Max-Time [s],C1-Mean [A],C1-Min [A],C1-Min-Time [s],C2-Max [A],C2-MaxTime [s],C2-Mean [A],C2-Min [A],C2-MinTime [s],C3-Max [A],C3-Max-Time [s],C3-Mean [A],C3-Min [A],C3-Min-Time [s],Duration [s],L1-Max [V.p.u.],L1-Max [V],L1-Max-Time [s],L1-Mean [V.p.u.],L1-Mean [V],L1-Min [V.p.u.],L1-Min [V],L1-Min-Time [s],L2-Max [V.p.u.],L2-Max [V],L2-Max-Time [s],L2-Mean [V.p.u.],L2-Mean [V],L2-Min [V.p.u.],L2-Min [V],L2-Min-Time [s],L3-Max [V.p.u.],L3-Max [V],L3-Max-Time [s],L3-Mean [V.p.u.],L3-Mean [V],L3-Min [V.p.u.],L3-Min [V],L3-Min-Time [s],Max-C1-Slope [A/s],Max-C2-Slope [A/s],Max-C3-Slope [A/s],Max-L1-Slope [V.p.u./s],Max-L2-Slope [V.p.u./s],Max-L3-Slope [V.p.u./s],Mean-C1-Slope [A/s],Mean-C2-Slope [A/s],Mean-C3-Slope [A/s],Mean-L1-Slope [V.p.u./s],Mean-L2-Slope [V.p.u./s],Mean-L3-Slope [V.p.u./s],Min-C1-Slope [A/s],Min-C2-Slope [A/s],Min-C3-Slope [A/s],Min-L1-Slope [V.p.u./s],Min-L2-Slope [V.p.u./s],Min-L3-Slope [V.p.u./s],PV-Generation [-],StartTime [s],Voltage-Sag [-],Voltage-Swell [-]
1,182.60438537597656,08:12:50.758333,177.35232437240495,171.7158966064453,08:12:50.341666,195.6259307861328,08:12:50.758333,189.71995704490823,184.12828063964844,08:12:50.333333,202.4005584716797,08:12:50.758333,198.21126326981124,193.0075225830078,08:12:50.333333,1.1833333333333333,1.0205791355889697,282.8310546875,08:12:50.333333,1.0202700678741359,282.7454033698235,1.0197944142265714,282.61358642578125,08:12:51.000000,1.0206062253244665,282.83856201171875,08:12:50.341666,1.0203002856585721,282.75377756398876,1.0198822906856218,282.637939453125,08:12:50.758333,1.021288203909554,283.0275573730469,08:12:50.366667,1.0209466797991895,282.93291147938976,1.0204306926481175,282.7899169921875,08:12:51.075000,202.1484375,194.461669921875,228.1475830078125,0.01189305460833983,0.013637369284229671,0.009844806314681303,1.1037391340228873,2.051206776793574,4.12597226424956,-0.00029890838342713246,6.28154292694005e-05,-0.0002882064954775309,-143.0987548828125,-158.92822265625,-135.1336669921875,-0.011020897270394908,-0.01337307918182212,-0.016412415359508964,False,08:12:49.908333,False,False
